Steps,Total,Answered,Expired,ExpiredPercentage,PercentageExpired1,PercentageExpired2,PercentageExpired3,PercentageExpired4,Expired1Percentage,Expired2Percentage,Expired3Percentage,Expired4Percentage,MRT,MRT1,MRT2,MRT3,MRT4,Help
100.0,80.72,69.98,10.74,13.066,13.4892,18.9758,24.451999999999998,43.0816,6.908600000000002,8.2174,12.8254,33.47919999999999,8.976599999999998,8.3976,9.074200000000001,9.503,9.1976,[7.14 3.56 4.64 6.42 3.72 6.58]
