Steps,Total,Answered,Expired,ExpiredPercentage,PercentageExpired1,PercentageExpired2,PercentageExpired3,PercentageExpired4,Expired1Percentage,Expired2Percentage,Expired3Percentage,Expired4Percentage,MRT,MRT1,MRT2,MRT3,MRT4,Help
100.0,80.44,73.72,6.72,8.123999999999999,13.941199999999998,19.5108,27.0572,35.489999999999995,3.8128,6.132399999999999,9.508399999999998,17.3924,8.437199999999999,8.050000000000002,8.353600000000002,8.835600000000001,8.8756,[7.36 3.92 6.28 6.44 5.52 5.92]
